﻿<?xml version="1.0" encoding="utf-8"?>
<TextureAtlas imagePath="NOTE_assets-Marios_Madness.png">
	<!-- Created with Adobe Animate version 24.0.1.329 -->
	<!-- http://www.adobe.com/products/animate.html -->
	<SubTexture name="arrowDOWN0000" x="0" y="0" width="158" height="157"/>
	<SubTexture name="arrowLEFT0000" x="162" y="0" width="158" height="157"/>
	<SubTexture name="arrowRIGHT0000" x="324" y="0" width="158" height="157"/>
	<SubTexture name="arrowUP0000" x="486" y="0" width="158" height="157"/>
	<SubTexture name="blue hold end0000" x="584" y="682" width="51" height="65"/>
	<SubTexture name="blue hold piece0000" x="162" y="422" width="51" height="44"/>
	<SubTexture name="blue0000" x="648" y="0" width="158" height="158"/>
	<SubTexture name="down confirm0000" x="0" y="162" width="257" height="256"/>
	<SubTexture name="down confirm0001" x="261" y="162" width="257" height="256"/>
	<SubTexture name="down confirm0002" x="522" y="162" width="257" height="256"/>
	<SubTexture name="down confirm0003" x="522" y="162" width="257" height="256"/>
	<SubTexture name="down press0000" x="783" y="162" width="158" height="158"/>
	<SubTexture name="down press0001" x="783" y="162" width="158" height="158"/>
	<SubTexture name="down press0002" x="0" y="422" width="158" height="158"/>
	<SubTexture name="down press0003" x="0" y="422" width="158" height="158"/>
	<SubTexture name="green hold end0000" x="584" y="682" width="51" height="65"/>
	<SubTexture name="green hold piece0000" x="162" y="422" width="51" height="44"/>
	<SubTexture name="green0000" x="217" y="422" width="158" height="158"/>
	<SubTexture name="left confirm0000" x="379" y="422" width="256" height="256"/>
	<SubTexture name="left confirm0001" x="639" y="422" width="256" height="256"/>
	<SubTexture name="left confirm0002" x="0" y="682" width="256" height="256"/>
	<SubTexture name="left confirm0003" x="0" y="682" width="256" height="256"/>
	<SubTexture name="left press0000" x="260" y="682" width="158" height="158"/>
	<SubTexture name="left press0001" x="260" y="682" width="158" height="158"/>
	<SubTexture name="left press0002" x="422" y="682" width="158" height="158"/>
	<SubTexture name="left press0003" x="422" y="682" width="158" height="158"/>
	<SubTexture name="pruple end hold0000" x="584" y="682" width="51" height="65"/>
	<SubTexture name="purple hold piece0000" x="162" y="422" width="51" height="44"/>
	<SubTexture name="purple0000" x="639" y="682" width="158" height="158"/>
	<SubTexture name="red hold end0000" x="801" y="682" width="51" height="65"/>
	<SubTexture name="red hold piece0000" x="856" y="682" width="51" height="44"/>
	<SubTexture name="red0000" x="0" y="942" width="158" height="158"/>
	<SubTexture name="right confirm0000" x="162" y="942" width="257" height="256"/>
	<SubTexture name="right confirm0001" x="423" y="942" width="257" height="256"/>
	<SubTexture name="right confirm0002" x="684" y="942" width="257" height="256"/>
	<SubTexture name="right confirm0003" x="684" y="942" width="257" height="256"/>
	<SubTexture name="right press0000" x="0" y="1202" width="158" height="158"/>
	<SubTexture name="right press0001" x="0" y="1202" width="158" height="158"/>
	<SubTexture name="right press0002" x="162" y="1202" width="158" height="158"/>
	<SubTexture name="right press0003" x="162" y="1202" width="158" height="158"/>
	<SubTexture name="up confirm0000" x="324" y="1202" width="257" height="256"/>
	<SubTexture name="up confirm0001" x="585" y="1202" width="257" height="256"/>
	<SubTexture name="up confirm0002" x="0" y="1462" width="257" height="256"/>
	<SubTexture name="up confirm0003" x="0" y="1462" width="257" height="256"/>
	<SubTexture name="up press0000" x="261" y="1462" width="158" height="158"/>
	<SubTexture name="up press0001" x="261" y="1462" width="158" height="158"/>
	<SubTexture name="up press0002" x="423" y="1462" width="158" height="158"/>
	<SubTexture name="up press0003" x="423" y="1462" width="158" height="158"/>
</TextureAtlas>
